CREATE  TABLE OWNER(
OwnerID Int NOT NULL IDENTITY (1, 1) PRIMARY KEY, 
OwnerName Char(25) NOT NULL,
OwnerEmail VarChar(100) NULL UNIQUE,
OwnerType Char(20) NOT NULL
);
CREATE  TABLE PROPERTY(
PropertyID Int NOT NULL IDENTITY (1, 1)  PRIMARY KEY,
PropertyName Char(25) NOT NULL,
Street VarChar(25) NOT NULL,
City Char(15) NOT NULL,
State Char(2) NULL,
Zip VarChar(100) NOT NULL UNIQUE,
OwnerID Int NOT NULL,
CONSTRAINT PROPERTY_OWNER_FK FOREIGN KEY(OwnerID)
REFERENCES OWNER(OwnerID)
ON UPDATE NO ACTION
ON DELETE NO ACTION
);
CREATE  TABLE GG_EMPLOYEE(
EmployeeID Int NOT NULL IDENTITY (1, 1) PRIMARY KEY,
LastName Char(25) NOT NULL,
FirstName Char(25) NOT NULL,
CellPhone VarChar(12) NULL,
ExperienceLevel Char(5) NOT NULL,
);
CREATE  TABLE SERVICE(
PropertyID Int NOT NULL,
EmployeeID Int NOT NULL,
ServiceDate DateTime NULL,
HoursWorked Decimal(10,2) NOT NULL,
CONSTRAINT SERVICE_PK PRIMARY KEY (PropertyID, EmployeeID),
CONSTRAINT SERVICE_PROPERTY_FK FOREIGN KEY(PropertyID)
REFERENCES PROPERTY(PropertyID)
ON UPDATE NO ACTION
ON DELETE NO ACTION,
CONSTRAINT SERVICE_GG_EMPLOYEE_FK FOREIGN KEY(EmployeeID)
REFERENCES GG_EMPLOYEE(EmployeeID)
ON UPDATE NO ACTION
ON DELETE NO ACTION
);

INSERT INTO OWNER VALUES(1, 'Mary Jones', 'Mary.Jones@somewhere.com', 'Indivisual');
INSERT INTO OWNER VALUES(2, 'DT Enterprises', 'DTE@dte.com', 'Corporation');
INSERT INTO OWNER VALUES(3, 'Sam Douglas', NULL, 'Indivisual');
INSERT INTO OWNER VALUES(4, 'UNY Enterprises', 'UNYE@unye.com', 'Corporation');
INSERT INTO OWNER VALUES(5, 'Doug Samuels', 'Doug.Samuels@somewhere.com', 'Indivisual');

INSERT INTO PROPERTY VALUES(1, 'Eastlake', '123 Eastlake', 'Seattle', 'WA', 98119, 2);
INSERT INTO PROPERTY VALUES(2, 'Elm St Apts', '4 East Elm', 'Lynwood', 'WA', 98223, 1);
INSERT INTO PROPERTY VALUES(3, 'Jefferson Hill', '42 West 7th St', 'Bellevue', 'WA', 98007, 2);
INSERT INTO PROPERTY VALUES(4, 'Lake View Apts', '1265 32nd Avenue', 'Redmond', 'WA', 98052, 3);
INSERT INTO PROPERTY VALUES(5, 'Kodak Heights Apts', '65 32nd Avenue', 'Rochester', 'NY', 14604, 4);
INSERT INTO PROPERTY VALUES(6, 'Private Residece', '1465 48th St', 'Bellevue', 'WA', 98007, 1);
INSERT INTO PROPERTY VALUES(7, 'Private Residece', '1567 51st St', 'Bellevue', 'WA', 98007, 3);
INSERT INTO PROPERTY VALUES(8, 'Private Residece', '718 151st St', 'Rochester', 'NY', 14604, 5);

INSERT INTO GG_EMPLOYEE VALUES(1, 'Smith', 'Sam', '206-254-1234', 'Master');
INSERT INTO GG_EMPLOYEE VALUES(2, 'Evanston', 'John', '206-254-2345', 'Senior');
INSERT INTO GG_EMPLOYEE VALUES(3, 'Murray', 'Dale', '206-254-3456', 'Junior');
INSERT INTO GG_EMPLOYEE VALUES(4, 'Murphy', 'Jerry', '585-545-8765', 'Master');
INSERT INTO GG_EMPLOYEE VALUES(5, 'Fontaine', 'Joan', '206-254-4567', 'Senior');

INSERT INTO SERVICE VALUES(1, 1, '2015-05-05', 4.50);
INSERT INTO SERVICE VALUES(2, 2, '2015-05-08', 2.75);
INSERT INTO SERVICE VALUES(3, 3, '2015-05-08', 4.50);
INSERT INTO SERVICE VALUES(4, 1, '2015-05-19', 3.00);
INSERT INTO SERVICE VALUES(5, 4, '2015-05-12', 7.50);
INSERT INTO SERVICE VALUES(6, 5, '2015-05-10', 2.50);
INSERT INTO SERVICE VALUES(7, 2, '2015-05-19', 2.50);
INSERT INTO SERVICE VALUES(8, 4, '2015-05-15', 2.75);